16790,2008,78000,https://carro.mercadolivre.com.br/MLB-1186158464-fiat-siena-10-fire-flex-4p-2008-_JM
19900,2011,78000,https://carro.mercadolivre.com.br/MLB-1122610656-fiat-siena-10-fire-flex-4p-direco-hidraulica-_JM
23900,2010,61000,https://carro.mercadolivre.com.br/MLB-1198207397-fiat-siena-14-elx-flex-4p-_JM
20900,2011,58000,https://carro.mercadolivre.com.br/MLB-1197027166-fiat-siena-10-el-flex-4p-zerado-_JM
17900,2008,165422,https://carro.mercadolivre.com.br/MLB-1198682552-fiat-siena-10-mpi-elx-8v-_JM
16999,2009,108000,https://carro.mercadolivre.com.br/MLB-1192323938-fiat-siena-10-mpi-fire-celebration-8v-flex-4p-manual-_JM
12883,2007,85000,https://carro.mercadolivre.com.br/MLB-1190748759-fiat-siena-10-fire-flex-4p-sem-entrada-450-mensais-ligue-_JM
18900,2007,98000,https://carro.mercadolivre.com.br/MLB-1200157940-fiat-siena-fire-flex-2007-_JM
27900,2015,50000,https://carro.mercadolivre.com.br/MLB-1189975585-fiat-siena-10-mpi-el-8v-flex-4p-manual-_JM
7900,2000,153000,https://carro.mercadolivre.com.br/MLB-1195075011-fiat-siena-6-marchas-_JM
16900,2007,213420,https://carro.mercadolivre.com.br/MLB-1180274696-fiat-siena-18-hlx-flex-4p-_JM
20900,2011,58000,https://carro.mercadolivre.com.br/MLB-1200471413-fiat-siena-10-el-flex-4p-_JM
22900,2010,89099,https://carro.mercadolivre.com.br/MLB-1198586414-siena-fire-flex-_JM
23300,2011,78000,https://carro.mercadolivre.com.br/MLB-1194307928-siena-14-el-2011-prata-flex-completo-_JM
18900,2008,161000,https://carro.mercadolivre.com.br/MLB-1179230988-fiat-siena-10-fire-celebration-flex-4p-2008-_JM
16890,2010,127000,https://carro.mercadolivre.com.br/MLB-1193362714-siena-10-fire-celebration-8v-flex-faz-sem-entrada--_JM
14900,2006,169194,https://carro.mercadolivre.com.br/MLB-1175126878-fiat-siena-fire-flex-_JM
29900,2015,59000,https://carro.mercadolivre.com.br/MLB-1189975768-fiat-siena-10-mpi-el-8v-flex-4p-manual-_JM
18990,2008,154503,https://carro.mercadolivre.com.br/MLB-1176010829-fiat-siena-10-mpi-elx-8v-flex-4p-manual-_JM
31500,2014,51000,https://carro.mercadolivre.com.br/MLB-1119536961-siena-14-unico-dono-completoestepe-suso-na-kaiman-_JM
31900,2014,65000,https://carro.mercadolivre.com.br/MLB-1140576167-fiat-siena-el-14-flex-2014-cinza-completo-_JM
17499,2010,112000,https://carro.mercadolivre.com.br/MLB-1181990065-fiat-siena-10-fire-kit-celebration-flex-2010-_JM
11790,2006,120000,https://carro.mercadolivre.com.br/MLB-1196804745-fiat-siena-fire-_JM
25863,2013,131000,https://carro.mercadolivre.com.br/MLB-1182220480-siena-10-mpi-el-8v-flex-4p-manual-_JM
12900,2003,103000,https://carro.mercadolivre.com.br/MLB-1184986942-fiat-siena-10-mpi-fire-8v-gasolina-4p-manual-_JM
24900,2012,39000,https://carro.mercadolivre.com.br/MLB-1198792244-fiat-siena-10-mpi-fire-8v-flex-4p-manual-_JM
18490,2010,85210,https://carro.mercadolivre.com.br/MLB-1193741284-siena-10-fire-flex-4p-completo-_JM
17990,2009,78952,https://carro.mercadolivre.com.br/MLB-1193731958-siena-10-fire-celebration-completo-ar-e-direcao-flex-4p-_JM
17900,2010,82300,https://carro.mercadolivre.com.br/MLB-1105349191-siena-10-fire-flex-2010-_JM
11980,2005,135620,https://carro.mercadolivre.com.br/MLB-1073495706-fiat-siena-2005-10-elx-flex-com-direcao-_JM
18890,2006,128000,https://carro.mercadolivre.com.br/MLB-1141227294-fiat-siena-hlx-18-mpi-8v-flex-dqj4243-_JM
27590,2012,84000,https://carro.mercadolivre.com.br/MLB-1165342839-fiat-siena-16-16v-essence-flex-4p-_JM
30990,2014,88200,https://carro.mercadolivre.com.br/MLB-1180412118-fiat-siena-el-14-8v-flex-flex-manual-_JM
18500,2011,118000,https://carro.mercadolivre.com.br/MLB-1199247365-fiat-siena-10-fire-flex-4p-_JM
17500,2006,178600,https://carro.mercadolivre.com.br/MLB-1192968289-fiat-siena-14-elx-flex-4p-2006-_JM
21900,2008,131000,https://carro.mercadolivre.com.br/MLB-1186283096-siena-14-mpi-elx-attractive-8v-flex-4p-manual-_JM
18700,2012,88661,https://carro.mercadolivre.com.br/MLB-1169602577-fiat-siena-10-mpi-el-8v-flex-4p-manual-_JM
18900,2008,109160,https://carro.mercadolivre.com.br/MLB-1170973676-siena-10-fire-celebration-flex-4p-2008-ipva-2019-total-pago-_JM
17890,2008,169200,https://carro.mercadolivre.com.br/MLB-1197929279-fiat-siena-10-mpi-fire-8v-flex-4p-manual-_JM
31900,2015,81000,https://carro.mercadolivre.com.br/MLB-1192862837-fiat-siena-10-el-flex-4p-2015-_JM
31800,2015,54000,https://carro.mercadolivre.com.br/MLB-1172127216-fiat-siena-14-mpi-el-2015-sensor-de-estacionamento-_JM
19900,2010,119000,https://carro.mercadolivre.com.br/MLB-1170340558-fiat-siena-_JM
14900,2010,122000,https://carro.mercadolivre.com.br/MLB-1197749632-fiat-siena-10-fire-flex-4p-_JM
25990,2011,107000,https://carro.mercadolivre.com.br/MLB-1180329546-fiat-siena-14-el-flex-4p-2011-_JM
21900,2011,80000,https://carro.mercadolivre.com.br/MLB-1200685721-fiat-siena-10-el-flex-4p-2011-_JM
13500,2006,95000,https://carro.mercadolivre.com.br/MLB-1200682321-fiat-uno-10-fire-flex-4p-2006-_JM
17489,2010,143000,https://carro.mercadolivre.com.br/MLB-1178445087-fiat-siena-10-mpi-fire-8v-flex-4p-manual-_JM
16900,2008,96500,https://carro.mercadolivre.com.br/MLB-1190003321-siena-10-mpi-fire-8v-flex-4p-manual-_JM
14990,2005,200000,https://carro.mercadolivre.com.br/MLB-1182011593-fiat-siena-18-hlx-flex-4p-_JM
20990,2011,95000,https://carro.mercadolivre.com.br/MLB-1198223156-fiat-siena-el-10-flex-8v-vermelho-2011-_JM
24900,2012,91000,https://carro.mercadolivre.com.br/MLB-1182460325-fiat-siena-_JM
34799,2016,58000,https://carro.mercadolivre.com.br/MLB-1197527010-fiat-siena-_JM
24900,2010,144746,https://carro.mercadolivre.com.br/MLB-1180134938-siena-14-elx-aceitamos-trocas-ipva-2019-gratis-_JM
19900,2012,89000,https://carro.mercadolivre.com.br/MLB-1165671344-fiat-siena-el-10-unico-dono-2012-_JM
24900,2014,71662,https://carro.mercadolivre.com.br/MLB-1164614548-fiat-siena-10-mpi-el-8v-flex-_JM
16900,2010,155000,https://carro.mercadolivre.com.br/MLB-1119912368-siena-fire-10-parcelas-59900-_JM
19990,2010,192000,https://carro.mercadolivre.com.br/MLB-1121035424-fiat-siena-18-hlx-flex-dualogic-4p-_JM
30900,2015,41000,https://carro.mercadolivre.com.br/MLB-1157634825-fiat-siena-14-mpi-el-8v-flex-4p-manual-_JM
33900,2015,80900,https://carro.mercadolivre.com.br/MLB-1175676613-fiat-siena-14-el-flex-4p-completo-2015-_JM
28500,2014,87000,https://carro.mercadolivre.com.br/MLB-1181914677-fiat-siena-10-el-flex-4p-_JM
29500,2014,26413,https://carro.mercadolivre.com.br/MLB-1173224502-fiat-siena-10-el-flex-4p-_JM
17200,2008,139000,https://carro.mercadolivre.com.br/MLB-1187325996-fiat-siena-10-fire-flex-4p-_JM
25900,2012,78000,https://carro.mercadolivre.com.br/MLB-1174140135-fiat-siena-el-14-2012-completo-_JM
22990,2010,149700,https://carro.mercadolivre.com.br/MLB-1137668229-siena-14-elx-2010-_JM
19499,2010,119000,https://carro.mercadolivre.com.br/MLB-1183777303-fiat-siena-10-mpi-el-8v-flex-4p-manual-_JM
20000,2010,163000,https://carro.mercadolivre.com.br/MLB-1192641555-fiat-siena-10-el-flex-4p-2010-_JM
16500,2007,138000,https://carro.mercadolivre.com.br/MLB-1194345540-fiat-siena-14-elx-30-anos-flex-4p-2007-_JM
17900,2009,170000,https://carro.mercadolivre.com.br/MLB-1146252666-fiat-siena-10-mpi-fire-celebration-8v-2009-_JM
32900,2014,90000,https://carro.mercadolivre.com.br/MLB-1170589861-fiat-siena-14-el-flex-4p-_JM
17990,2007,80000,https://carro.mercadolivre.com.br/MLB-1197840795-fiat-siena-10-fire-celebration-flex-4p-_JM
17900,2012,127500,https://carro.mercadolivre.com.br/MLB-1200381768-fiat-siena-10-el-flex-4p-2012--_JM
17900,2010,72500,https://carro.mercadolivre.com.br/MLB-1189827780-siena-10-fire-flex-4p-2010-_JM
21500,2012,73562,https://carro.mercadolivre.com.br/MLB-1192936542-fiat-siena-10-fire-flex-4p-_JM
26900,2013,106456,https://carro.mercadolivre.com.br/MLB-1188319609-fiat-siena-10-el-flex-4p-_JM
16900,2008,140000,https://carro.mercadolivre.com.br/MLB-1186784976-fiat-siena-10-fire-celebration-flex-4p-2008-_JM
14889,2005,170000,https://carro.mercadolivre.com.br/MLB-1179868947-fiat-siena-10-fire-completo-2005-prata-_JM
18890,2008,78000,https://carro.mercadolivre.com.br/MLB-1176566806-fiat-siena-10-mpi-fire-8v-flex-4p-manual-_JM
21900,2010,115000,https://carro.mercadolivre.com.br/MLB-1145264876-fiat-siena-el-10-flex-emw1627-_JM
18900,2010,120000,https://carro.mercadolivre.com.br/MLB-1148887851-siena-sem-entrada-_JM
29900,2013,116000,https://carro.mercadolivre.com.br/MLB-1183671293-fiat-siena-14-el-flex-4p-_JM
16900,2007,99999,https://carro.mercadolivre.com.br/MLB-1049182798-fiat-siena-10-fire-celebration-flex-4p-_JM
17500,2010,187000,https://carro.mercadolivre.com.br/MLB-1185555495-fiat-siena-10-el-flex-4p-2010-_JM
18990,2010,100000,https://carro.mercadolivre.com.br/MLB-1195619191-fiat-siena-10-el-2010-flex-4p-completo-ar-sem-entrada-_JM
24900,2010,97000,https://carro.mercadolivre.com.br/MLB-1197256046-fiat-siena-14-mpi-elx-8v-flex-4p-manual-_JM
12999,2005,333000,https://carro.mercadolivre.com.br/MLB-1195740505-fiat-siena-10-fire-4p-2005-_JM
30999,2014,39344,https://carro.mercadolivre.com.br/MLB-1197873709-fiat-siena-el-14-_JM
20900,2011,98000,https://carro.mercadolivre.com.br/MLB-1175120034-fiat-siena-10-mpi-fire-8v-flex-4p-manual-_JM
22500,2009,110000,https://carro.mercadolivre.com.br/MLB-1175125487-fiat-siena-14-mpi-elx-attractive-8v-flex-4p-manual-_JM
17990,2007,133000,https://carro.mercadolivre.com.br/MLB-1194546217-fiat-siena-10-fire-flex-completo-farois-de-milha-2007-_JM
30990,2015,123500,https://carro.mercadolivre.com.br/MLB-1175130194-siena-2015-10-completo-_JM
21990,2010,88000,https://carro.mercadolivre.com.br/MLB-1196900642-fiat-siena-10-mpi-el-celebration-8v-_JM
35890,2016,41000,https://carro.mercadolivre.com.br/MLB-1172977412-fiat-siena-14-el-flex-4p-2016-_JM
21900,2010,69000,https://carro.mercadolivre.com.br/MLB-1177223832-fiat-siena-10-el-flex-4p-_JM
16990,2009,69000,https://carro.mercadolivre.com.br/MLB-1197576989-fiat-siena-10-com-69000-kmvidro-eletrico-e-trava-2009-_JM
18990,2009,118000,https://carro.mercadolivre.com.br/MLB-1194200877-fiat-siena-10-fire-celebration-flex-4p-2009-_JM
27900,2012,83000,https://carro.mercadolivre.com.br/MLB-1184296701-fiat-siena-16-16v-essence-flex-4p-2012-_JM
27500,2012,123000,https://carro.mercadolivre.com.br/MLB-1181878286-fiat-siena-14-el-flex-4p-_JM
19900,2010,110000,https://carro.mercadolivre.com.br/MLB-1198718455-fiat-siena-_JM
14990,2006,169703,https://carro.mercadolivre.com.br/MLB-1195582807-fiat-siena-10-fire-elx-flex-4p-_JM
22900,2011,113694,https://carro.mercadolivre.com.br/MLB-1189163762-fiat-siena-16-mpi-essence-16v-2011-_JM
31900,2014,90000,https://carro.mercadolivre.com.br/MLB-1190301508-fiat-siena-el-14-flex-2014-_JM
29900,2013,60500,https://carro.mercadolivre.com.br/MLB-1153258600-fiat-siena-el-14-flex-ipy3410-_JM
19900,2010,90000,https://carro.mercadolivre.com.br/MLB-1195373914-fiat-siena-10-el-flex-4p-_JM
10950,2004,160000,https://carro.mercadolivre.com.br/MLB-1159732747-fiat-siena-10-fire-4p-65hp-_JM
11900,2007,134000,https://carro.mercadolivre.com.br/MLB-1195806024-fiat-siena-10-fire-celebration-flex-4p-_JM
23990,2013,46501,https://carro.mercadolivre.com.br/MLB-1197324573-fiat-siena-el-10-2013-santa-paula-veiculos-_JM
16499,2007,125000,https://carro.mercadolivre.com.br/MLB-1193168432-fiat-siena-10-mpi-fire-8v-2007-f7-veiculos-_JM
18900,2010,121000,https://carro.mercadolivre.com.br/MLB-1174184781-fiat-siena-10-mpi-8v-fire-flex-elp1394-_JM
17500,2010,81066,https://carro.mercadolivre.com.br/MLB-1194505192-fiat-siena-10-mpi-fire-celebration-8v-flex-4p-manual-_JM
21000,2007,66000,https://carro.mercadolivre.com.br/MLB-1184362830-fiat-siena-14-mpi-8v-flex-4p-tetrafuel-_JM
20990,2008,184500,https://carro.mercadolivre.com.br/MLB-1175645938-fiat-siena-18-mpi-hlx-8v-flex-4p-manual-_JM
16900,2007,99999,https://carro.mercadolivre.com.br/MLB-1173990306-fiat-siena-10-fire-flex-4p-_JM
9499,2001,235000,https://carro.mercadolivre.com.br/MLB-1186989133-fiat-siena-13-16v-elx-4p-_JM
35000,2015,58000,https://carro.mercadolivre.com.br/MLB-1174387699-fiat-siena-14-el-flex-4p-_JM
16900,2008,216000,https://carro.mercadolivre.com.br/MLB-1166743443-fiat-siena-10-mpi-8v-fire-flex-_JM
19990,2010,92232,https://carro.mercadolivre.com.br/MLB-1190109826-fiat-siena-10-mpi-elx-8v-flex-4p-manual-_JM
22980,2010,56000,https://carro.mercadolivre.com.br/MLB-945133683-fiat-siena-_JM
16900,2012,79000,https://carro.mercadolivre.com.br/MLB-1167413310-fiat-siena-2012-fire-flex-10-8v-novo-revisado-79000-km-_JM
17990,2007,212884,https://carro.mercadolivre.com.br/MLB-1197903921-fiat-siena-14-mpi-fire-elx-8v-_JM
31550,2014,51000,https://carro.mercadolivre.com.br/MLB-1119537814-siena-14-el-flex-unico-dono-estepe-sem-uso-_JM
22900,2012,113000,https://carro.mercadolivre.com.br/MLB-1191892030-fiat-siena-el-flex-10-8v-2012-_JM
37899,2015,55077,https://carro.mercadolivre.com.br/MLB-1189338612-fiat-siena-14-mpi-el-8v-flex-4p-manual-_JM
15900,2008,200000,https://carro.mercadolivre.com.br/MLB-1174385541-fiat-siena-10-mpi-fire-8v-flex-4p-manual-_JM
18000,2008,120000,https://carro.mercadolivre.com.br/MLB-1169725025-fiat-siena-10-mpi-fire-celebration-8v-flex-4p-manual-_JM
25900,2014,104755,https://carro.mercadolivre.com.br/MLB-1194276563-fiat-siena-el-10-flex-mec-2014-_JM
16999,2010,118000,https://carro.mercadolivre.com.br/MLB-1193825945-fiat-siena-10-fire-flex-4p-_JM
21900,2010,85000,https://carro.mercadolivre.com.br/MLB-1161188295-fiat-siena-10-mpi-el-8v-flex-4p-manual-_JM
26900,2012,104000,https://carro.mercadolivre.com.br/MLB-1195712664-fiat-siena-14-el-flex-4p-_JM
18900,2008,153000,https://carro.mercadolivre.com.br/MLB-1180624993-fiat-siena-10-fire-celebration-flex-4p-completo-_JM
26000,2014,79590,https://carro.mercadolivre.com.br/MLB-1118465251-fiat-siena-10-el-flex-4p-_JM
24900,2011,107000,https://carro.mercadolivre.com.br/MLB-1046669920-fiat-siena-el-14-8v-flex-2011-completo-_JM
27900,2012,88501,https://carro.mercadolivre.com.br/MLB-1193721248-fiat-siena-el-14-flex-eza7406-_JM
20888,2010,164000,https://carro.mercadolivre.com.br/MLB-1017994980-fiat-siena-10-el-flex-2010-preto-_JM
21990,2010,141000,https://carro.mercadolivre.com.br/MLB-1171398431-fiat-siena-el-10-8v-flex-jiq2395-_JM
25799,2013,65000,https://carro.mercadolivre.com.br/MLB-1180626877-fiat-siena-_JM
22990,2010,113300,https://carro.mercadolivre.com.br/MLB-1198564801-fiat-siena-el-10-8v-flex-jhl3751-_JM
23990,2015,92584,https://carro.mercadolivre.com.br/MLB-1193556181-fiat-siena-el-10-8v-flex-paz1932-_JM
17900,2009,92200,https://carro.mercadolivre.com.br/MLB-1169827341-fiat-siena-fire-celebration-10-20082009-flex-completo-_JM
18900,2010,113249,https://carro.mercadolivre.com.br/MLB-1196333658-fiat-siena-10-el-flex-2010-completo-kingcar-multimarcas-_JM
19500,2010,70000,https://carro.mercadolivre.com.br/MLB-1180708174-fiat-siena-10-el-flex-4p-unico-dono-_JM
28000,2014,64000,https://carro.mercadolivre.com.br/MLB-1014278898-fiat-siena-10-el-flex-4p-_JM
19900,2010,80000,https://carro.mercadolivre.com.br/MLB-1191946217-fiat-siena-10-mpi-fire-8v-flex-4p-manual-_JM
13900,2008,106000,https://carro.mercadolivre.com.br/MLB-1198676177-fiat-siena-10-fire-celebration-2008-preto-flex-_JM
14900,2003,218000,https://carro.mercadolivre.com.br/MLB-1159465276-fiat-siena-13-mpi-fire-elx-16v-gasolina-4p-manual-20022003-_JM
21900,2008,112289,https://carro.mercadolivre.com.br/MLB-1183991785-fiat-siena-fire-10-completo-2008-_JM
19899,2010,89768,https://carro.mercadolivre.com.br/MLB-962459323-siena-el-10-flex-2010-_JM
16800,2005,121000,https://carro.mercadolivre.com.br/MLB-1191936043-fiat-siena-10-mpi-fire-elx-8v-gasolina-4p-manual-_JM
20900,2008,139000,https://carro.mercadolivre.com.br/MLB-1175401647-fiat-siena-10-fire-celebration-flex-4p-2008-_JM
16890,2009,138000,https://carro.mercadolivre.com.br/MLB-1184047476-fiat-siena-fire-10-flex-cel-ii-2009-ve-te-alarme-_JM
16890,2009,138000,https://carro.mercadolivre.com.br/MLB-1184048882-fiat-siena-fire-10-flex-2009-ve-te-alarme-cd-player-_JM
21800,2010,94558,https://carro.mercadolivre.com.br/MLB-1191976792-fiat-siena-14-elx-flex-4p-2010-prata-_JM
15800,2008,113295,https://carro.mercadolivre.com.br/MLB-1190005119-fiat-siena-10-fire-8v-flex-4p-20072008-_JM
34000,2015,73173,https://carro.mercadolivre.com.br/MLB-1174392768-fiat-siena-_JM
16900,2007,165000,https://carro.mercadolivre.com.br/MLB-1173583195-fiat-siena-10-fire-celebration-flex-4p-2007-_JM
33900,2016,50000,https://carro.mercadolivre.com.br/MLB-1181363572-fiat-siena-10-mpi-el-8v-flex-4p-manual-_JM
19999,2007,91473,https://carro.mercadolivre.com.br/MLB-1200099732-fiat-siena-18-mpi-hlx-8v-flex-4p-manual-_JM
17990,2010,197575,https://carro.mercadolivre.com.br/MLB-1190618670-fiat-siena-siena-el-10-mpi-fire-flex-8v-4p-_JM
19900,2008,100000,https://carro.mercadolivre.com.br/MLB-1194339977-fiat-siena-10-fire-flex-4p-_JM
26900,2012,87000,https://carro.mercadolivre.com.br/MLB-1187570877-fiat-siena-10-mpi-el-8v-flex-4p-manual-_JM
21900,2010,116000,https://carro.mercadolivre.com.br/MLB-1153909160-fiat-siena-10-el-flex-2010-_JM
21900,2010,101000,https://carro.mercadolivre.com.br/MLB-1194502190-fiat-siena-10-mpi-fire-celebration-8v-_JM
10900,2001,199000,https://carro.mercadolivre.com.br/MLB-1170364390-fiat-siena-13-fire-_JM
17900,2010,70000,https://carro.mercadolivre.com.br/MLB-1187810433-fiat-siena-10-fire-flex-4p-_JM
16990,2009,117000,https://carro.mercadolivre.com.br/MLB-1173150388-fiat-siena-10-fire-celebration-flex-4p-2009-_JM
19699,2010,124272,https://carro.mercadolivre.com.br/MLB-1153433208-fiat-siena-10-fire-flex-4p-_JM
18900,2008,121000,https://carro.mercadolivre.com.br/MLB-1189122837-fiat-siena-celebration-10-8v-fire-flex-mec-2008-_JM
14900,2008,127310,https://carro.mercadolivre.com.br/MLB-1198766392-fiat-siena-10-fire-flex-4p-_JM
11500,2002,123815,https://carro.mercadolivre.com.br/MLB-1194499344-fiat-siena-10-mpi-fire-elx-25-anos-16v-gasolina-4p-manual-_JM
24900,2012,101000,https://carro.mercadolivre.com.br/MLB-1177246415-fiat-siena-10-mpi-el-8v-flex-4p-manual-_JM
23690,2013,124000,https://carro.mercadolivre.com.br/MLB-1190899802-siena-mpi-el-8v-_JM
19990,2010,130540,https://carro.mercadolivre.com.br/MLB-1176586238-siena-10-fire-celebration-8v-flex-2010-_JM
32800,2014,55000,https://carro.mercadolivre.com.br/MLB-1182134154-fiat-siena-10-mpi-el-8v-flex-4p-manual-_JM
23900,2012,85700,https://carro.mercadolivre.com.br/MLB-1193192914-fiat-siena-el-10-_JM
20900,2010,132000,https://carro.mercadolivre.com.br/MLB-1190997229-fiat-siena-10-el-flex-4p-2010-_JM
19900,2010,104000,https://carro.mercadolivre.com.br/MLB-1198778538-fiat-siena-10-el-flex-4p-_JM
34680,2016,20000,https://carro.mercadolivre.com.br/MLB-1163304952-fiat-siena-10-el-flex-4p-_JM
16900,2008,105400,https://carro.mercadolivre.com.br/MLB-1100194644-fiat-siena-10-mpi-fire-8v-flex-4p-manual-_JM
27900,2013,76000,https://carro.mercadolivre.com.br/MLB-1186415916-fiat-siena-10-el-flex-4p-2013-_JM
22800,2011,111800,https://carro.mercadolivre.com.br/MLB-1189764761-fiat-siena-el-motor-10-2011-cinza-_JM
12900,2009,88077,https://carro.mercadolivre.com.br/MLB-1196228257-siena-10-mpi-fire-8v-flex-4p-manual-_JM
20490,2009,138476,https://carro.mercadolivre.com.br/MLB-1165801294-siena-10-mpi-elx-8v-flex-4p-manual-_JM
24500,2014,99000,https://carro.mercadolivre.com.br/MLB-1198151661-fiat-siena-10-el-flex-4p-2014-_JM
29900,2014,108560,https://carro.mercadolivre.com.br/MLB-1197447359-fiat-siena-10-el-flex-4p-_JM
23900,2012,54300,https://carro.mercadolivre.com.br/MLB-1187295302-fiat-siena-10-fire-flex-4p-2012-_JM
21900,2009,80000,https://carro.mercadolivre.com.br/MLB-1193667953-fiat-siena-10-mpi-elx-8v-flex-4p-manual-_JM
17990,2008,100302,https://carro.mercadolivre.com.br/MLB-1165791390-siena-10-mpi-fire-8v-flex-4p-manual-_JM
33980,2015,18000,https://carro.mercadolivre.com.br/MLB-886535064-fiat-siena-14-el-flex-completo-entrada-60-x-59900-fixas-_JM
22980,2010,56000,https://carro.mercadolivre.com.br/MLB-945097157-fiat-siena-flex-completo-zero-de-entrada-60-x-59900-fixas-_JM
19980,2008,78000,https://carro.mercadolivre.com.br/MLB-848574006-fiat-siena-fire-flex-completo-zero-de-entrada-60-x-59900-_JM
27390,2014,62385,https://carro.mercadolivre.com.br/MLB-1047397751-fiat-siena-el-2014-zero-de-entrada-vilage-automoveis-_JM
12890,2005,199000,https://carro.mercadolivre.com.br/MLB-1197343410-siena-elx-13-8v-flex-2005-_JM
28500,2014,53000,https://carro.mercadolivre.com.br/MLB-1098352689-fiat-siena-10-el-flex-4p-completo-baixo-km-_JM
33890,2015,59800,https://carro.mercadolivre.com.br/MLB-1197574288-fiat-siena-el-celeb-14-2015-carro-completo-_JM
33890,2015,59800,https://carro.mercadolivre.com.br/MLB-1197533932-fiat-siena-el-14-2015-carro-completo-sem-entrada-_JM
34890,2015,59800,https://carro.mercadolivre.com.br/MLB-1198068610-fiat-siena-el-celeb-14-2015-carro-completo-_JM
36890,2015,59800,https://carro.mercadolivre.com.br/MLB-1198162887-fiat-siena-el-14-2015-carro-completo-mensais-de-r-799-_JM
34890,2015,59800,https://carro.mercadolivre.com.br/MLB-1198065979-fiat-siena-el-14-2015-mensais-de-r-799-_JM
36890,2015,59800,https://carro.mercadolivre.com.br/MLB-1198100295-fiat-siena-el-celeb-14-2015-top-de-linha-_JM
20900,2010,71577,https://carro.mercadolivre.com.br/MLB-1174880707-fiat-siena-10-el-flex-4p-_JM
39990,2016,65000,https://carro.mercadolivre.com.br/MLB-1187581509-fiat-siena-el-14-2016-flex-zero-de-entrada-_JM
27890,2012,10000,https://carro.mercadolivre.com.br/MLB-1197560254-fiat-siena-el-14-mpi-fire-flex-8v-4p-2012-_JM
24990,2011,82000,https://carro.mercadolivre.com.br/MLB-1195650695-fiat-siena-10-el-flex-4p-2011-_JM
11900,2000,152000,https://carro.mercadolivre.com.br/MLB-1095004311-fiat-siena-baixa-entrada-sem-score-_JM
25900,2013,100220,https://carro.mercadolivre.com.br/MLB-1195066868-fiat-siena-el-10-flex-mec-2013-_JM
22990,2010,107800,https://carro.mercadolivre.com.br/MLB-1200337581-fiat-sienanversao-hlx-18-8v-flex-4p-2010-_JM
17890,2010,83000,https://carro.mercadolivre.com.br/MLB-1167574220-fiat-siena-_JM
20700,2012,100000,https://carro.mercadolivre.com.br/MLB-1197243212-fiat-siena-fire-flex-2012-_JM
22900,2009,146700,https://carro.mercadolivre.com.br/MLB-1194450818-fiat-siena-14-mpi-elx-8v-flex-4p-manual-_JM
33900,2014,70900,https://carro.mercadolivre.com.br/MLB-1175630198-fiat-siena-14-mpi-el-8v-flex-4p-manual-_JM
11900,2005,134000,https://carro.mercadolivre.com.br/MLB-1174395760-fiat-siena-10-fire-4p-_JM
15900,2008,85000,https://carro.mercadolivre.com.br/MLB-1186269195-fiat-siena-10-fire-flex-4p-_JM
24990,2013,143000,https://carro.mercadolivre.com.br/MLB-1174902663-fiat-siena-10-el-flex-4p-_JM
22900,2011,95013,https://carro.mercadolivre.com.br/MLB-1128540811-fiat-siena-10-el-flex-4p-_JM
32925,2016,25000,https://carro.mercadolivre.com.br/MLB-1197598050-fiat-siena-10-el-flex-4p-_JM
21900,2010,172600,https://carro.mercadolivre.com.br/MLB-1156773491-fiat-siena-10-mpi-el-8v-flex-4p-manual-_JM
34900,2014,70000,https://carro.mercadolivre.com.br/MLB-1182730315-siena-el-14-8v-_JM
16900,2009,134700,https://carro.mercadolivre.com.br/MLB-1156782299-fiat-siena-10-mpi-fire-celebration-8v-flex-4p-manual-_JM
20900,2009,170000,https://carro.mercadolivre.com.br/MLB-1164568337-fiat-siena-10-mpi-fire-celebration-8v-_JM
18800,2007,132608,https://carro.mercadolivre.com.br/MLB-1200208147-fiat-siena-10-mpi-fire-8v-flex-4p-manual-_JM
8990,1998,167000,https://carro.mercadolivre.com.br/MLB-1151223271-fiat-siena-16-el-4p-gipevel-_JM
14900,2004,179000,https://carro.mercadolivre.com.br/MLB-1175584495-fiat-siena-13-ex-4p-tx-transferencia-gratis-_JM
28900,2011,79000,https://carro.mercadolivre.com.br/MLB-1186912004-siena-14-mpi-el-8v-flex-4p-manual-79000km-_JM
28997,2014,87200,https://carro.mercadolivre.com.br/MLB-1169011751-fiat-siena-el-10-8v-flex-flj2910-_JM
11900,2000,222222,https://carro.mercadolivre.com.br/MLB-1100339231-fiat-siena-ato-3000-e-399-por-mes-financiamento-com-score-_JM
13900,2005,157000,https://carro.mercadolivre.com.br/MLB-1199277548-fiat-siena-fire-10-prata-2005-_JM
15899,2008,140000,https://carro.mercadolivre.com.br/MLB-1194433356-fiat-siena-10-mpi-elx-8v-_JM
21900,2010,139000,https://carro.mercadolivre.com.br/MLB-1191892213-fiat-siena-fire-10-8v-flex-4p-2010-_JM
18000,2008,92189,https://carro.mercadolivre.com.br/MLB-1195533647-fiat-siena-10-fire-flex-4p-_JM
32778,2015,61102,https://carro.mercadolivre.com.br/MLB-1197822321-fiat-siena-14-mpi-el-8v-flex-4p-manual-_JM
20900,2010,197992,https://carro.mercadolivre.com.br/MLB-1193730611-fiat-siena-siena-el-10-8v-flex-4p-manual-_JM
26990,2015,86600,https://carro.mercadolivre.com.br/MLB-1173396017-fiat-siena-10-el-flex-4p-2015-_JM
21500,2010,118605,https://carro.mercadolivre.com.br/MLB-1197826406-fiat-siena-10-mpi-el-8v-flex-4p-manual-_JM
22900,2011,109000,https://carro.mercadolivre.com.br/MLB-1197913367-fiat-siena-el-10-fire-flex-2011-_JM
20890,2006,128000,https://carro.mercadolivre.com.br/MLB-1141220275-fiat-siena-hlx-18-mpi-8v-flex-dqj4253-_JM
18900,2010,78000,https://carro.mercadolivre.com.br/MLB-1201184204-fiat-siena-10-fire-flex-4p-_JM
18900,2009,107000,https://carro.mercadolivre.com.br/MLB-1182066756-fiat-siena-10-mpi-fire-8v-flex-4p-manual-_JM
19900,2008,123464,https://carro.mercadolivre.com.br/MLB-1176651056-fiat-siena-fire-celebration-_JM
25900,2011,113863,https://carro.mercadolivre.com.br/MLB-1190799357-fiat-siena-el-14-mpi-8v-2011-_JM
10990,2002,115000,https://carro.mercadolivre.com.br/MLB-1196802549-fiat-siena-10-16v-elx-25-anos-4p-_JM
18999,2010,59000,https://carro.mercadolivre.com.br/MLB-1122709820-fiat-siena-el-10-flex-4p-ano-2010-_JM
14900,2005,169000,https://carro.mercadolivre.com.br/MLB-1195881349-fiat-siena-10-elx-4p-2005-_JM
23900,2012,98000,https://carro.mercadolivre.com.br/MLB-1192847918-fiat-siena-el-10-flex-mec-2012-_JM
22900,2011,129261,https://carro.mercadolivre.com.br/MLB-1194279816-fiat-siena-el-flex-10-8v-2011-_JM
31800,2015,54000,https://carro.mercadolivre.com.br/MLB-1198387718-fiat-siena-14-mpi-el-8v-_JM
22500,2011,80000,https://carro.mercadolivre.com.br/MLB-1185538147-fiat-10-mpi-fire-8v-_JM
15900,2008,120000,https://carro.mercadolivre.com.br/MLB-1129396369-fiat-siena-10-mpi-fire-8v-flex-4p-manual-_JM
24000,2011,80647,https://carro.mercadolivre.com.br/MLB-1192546568-fiat-siena-10-mpi-el-8v-flex-4p-manual-_JM
18900,2010,86000,https://carro.mercadolivre.com.br/MLB-1200184440-fiat-siena-10-fire-flex-4p-_JM
32000,2015,81000,https://carro.mercadolivre.com.br/MLB-1199824312-fiat-siena-el-10-_JM
21900,2008,199000,https://carro.mercadolivre.com.br/MLB-1195708203-siena-14-mpi-elx-8v-flex-4p-manual-199000km-_JM
29700,2014,67000,https://carro.mercadolivre.com.br/MLB-1197265008-fiat-siena-14-el-_JM
24900,2013,101000,https://carro.mercadolivre.com.br/MLB-1132246551-fiat-siena-10-mpi-el-8v-_JM
30900,2014,214429,https://carro.mercadolivre.com.br/MLB-1195836781-fiat-siena-14-mpi-el-8v-flex-4p-manual-_JM
23990,2010,100000,https://carro.mercadolivre.com.br/MLB-1182321272-siena-10-mpi-el-8v-flex-4p-manual-_JM
17900,2011,200255,https://carro.mercadolivre.com.br/MLB-1200524581-fiat-siena-10-mpi-el-8v-flex-4p-manual-_JM
37899,2015,55077,https://carro.mercadolivre.com.br/MLB-1187019159-fiat-siena-14-mpi-el-8v-flex-4p-manual-_JM
23500,2010,74000,https://carro.mercadolivre.com.br/MLB-1183852361-fiat-_JM
19990,2008,98000,https://carro.mercadolivre.com.br/MLB-1192339147-fiat-siena-10-mpi-fire-celebration-8v-2008-_JM
17900,2008,111111,https://carro.mercadolivre.com.br/MLB-1198029618-fiat-siena-10-mpi-fire-8v-flex-4p-manual-_JM
34900,2015,68933,https://carro.mercadolivre.com.br/MLB-1164310286-fiat-siena-14-mpi-el-8v-flex-4p-manual-_JM
20900,2008,189901,https://carro.mercadolivre.com.br/MLB-1200124566-fiat-siena-elx-14-8v-tetrafuel-_JM
9900,2006,165000,https://carro.mercadolivre.com.br/MLB-1191876127-fiat-siena-10-fire-flex-4p-_JM
34900,2015,68933,https://carro.mercadolivre.com.br/MLB-1192872422-fiat-siena-14-mpi-el-8v-flex-4p-manual-_JM
17900,2007,72000,https://carro.mercadolivre.com.br/MLB-1066621615-fiat-siena-10-fire-celebration-flex-4p-_JM
21890,2010,121505,https://carro.mercadolivre.com.br/MLB-1191091460-fiat-siena-10-mpi-el-8v-_JM
24990,2012,87262,https://carro.mercadolivre.com.br/MLB-1060057760-fiat-siena-14-mpi-el-8v-flex-4p-manual-_JM
19900,2009,15000,https://carro.mercadolivre.com.br/MLB-1177420830-fiat-siena-10-elx-flex-impecavel-_JM
19900,2008,90000,https://carro.mercadolivre.com.br/MLB-1162764102-fiat-siena-10-mpi-fire-8v-flex-4p-manual-_JM
21900,2010,124000,https://carro.mercadolivre.com.br/MLB-1177093206-fiat-siena-10-mpi-fire-8v-flex-4p-manual-_JM
21900,2010,119000,https://carro.mercadolivre.com.br/MLB-1089584896-fiat-siena-10-mpi-el-8v-flex-4p-manual-20092010-_JM
12900,2007,139000,https://carro.mercadolivre.com.br/MLB-1200574734-fiat-siena-14-mpi-8v-tetrafuel-wrx-motors-_JM
17490,2008,126000,https://carro.mercadolivre.com.br/MLB-1188465802-fiat-siena-10-mpi-fire-8v-flex-4p-manual-20082008-_JM
28900,2013,75000,https://carro.mercadolivre.com.br/MLB-1187226586-fiat-siena-14-mpi-el-8v-flex-4p-manual-_JM
25900,2013,82598,https://carro.mercadolivre.com.br/MLB-1174875310-fiat-siena-el-10-flex-2013-_JM
22500,2011,73000,https://carro.mercadolivre.com.br/MLB-1172331550-fiat-siena-10-mpi-el-celebration-8v-flex-4p-manual-_JM
30000,2014,59000,https://carro.mercadolivre.com.br/MLB-1084267509-fiat-siena-10-mpi-el-8v-flex-4p-manual-_JM
21000,2010,86228,https://carro.mercadolivre.com.br/MLB-1195738394-fiat-siena-10-el-flex-4p-_JM
21900,2010,11111,https://carro.mercadolivre.com.br/MLB-1198120882-fiat-siena-el-10-8v-flex-mec-2010-_JM
28000,2012,84936,https://carro.mercadolivre.com.br/MLB-1171795427-fiat-siena-14-mpi-el-8v-flex-4p-manual-_JM
14900,2004,132000,https://carro.mercadolivre.com.br/MLB-1156116274-fiat-siena-10-fire-_JM
19900,2008,96000,https://carro.mercadolivre.com.br/MLB-1182220824-fiat-siena-_JM
22000,2010,124000,https://carro.mercadolivre.com.br/MLB-1198173027-fiat-siena-10-mpi-el-8v-flex-4p-manual-_JM
44000,2016,59000,https://carro.mercadolivre.com.br/MLB-1198172981-fiat-siena-14-mpi-el-8v-flex-4p-manual-_JM
20990,2009,145000,https://carro.mercadolivre.com.br/MLB-1058130665-fiat-siena-10-mpi-fire-8v-flex-4p-manual-20082009-_JM
18900,2010,173000,https://carro.mercadolivre.com.br/MLB-1179702198-fiat-siena-10-fire-flex-4p-_JM
21990,2010,98000,https://carro.mercadolivre.com.br/MLB-1194541722-siena-10-mpi-el-celebration-8v-flex-4p-manual-20102010-_JM
12900,2003,103000,https://carro.mercadolivre.com.br/MLB-1171129756-fiat-siena-10-mpi-fire-8v-gasolina-4p-manual-_JM
19900,2009,102000,https://carro.mercadolivre.com.br/MLB-1195413620-fiat-siena-14-mpi-elx-8v-flex-4p-manual-20082009-_JM
13400,2004,114001,https://carro.mercadolivre.com.br/MLB-1151886508-fiat-siena-18-elx-4p-ano-2004-_JM
21000,2012,61000,https://carro.mercadolivre.com.br/MLB-1194545934-fiat-siena-10-mpi-fire-8v-flex-4p-manual-_JM
18900,2010,86000,https://carro.mercadolivre.com.br/MLB-1170545985-fiat-siena-10-mpi-elx-8v-flex-4p-manual-_JM
23990,2010,161000,https://carro.mercadolivre.com.br/MLB-1111923289-siena-elx-14-flex-zerado-trocofinan-favorita-multimarcas-_JM
16900,2011,73000,https://carro.mercadolivre.com.br/MLB-1149177121-fiat-siena-fire-10-2011-flex-super-oferta-aceito-troca-_JM
18990,2009,172000,https://carro.mercadolivre.com.br/MLB-1192041510-fiat-siena-10-mpi-fire-8v-_JM
16500,2008,134802,https://carro.mercadolivre.com.br/MLB-1135272997-fiat-siena-_JM
18900,2005,100000,https://carro.mercadolivre.com.br/MLB-1119884405-siena-elx-13-mpi-flex-8v-4p-_JM
16999,2009,77000,https://carro.mercadolivre.com.br/MLB-1145229678-fiat-siena-10-fire-celebration-flex-2009-direco-novo--_JM
18900,2010,72000,https://carro.mercadolivre.com.br/MLB-1198686945-fiat-siena-el-10-8v-flex-mec-2010-_JM
23900,2011,102000,https://carro.mercadolivre.com.br/MLB-1194438727-siena-el-10-8v-flex-2011-_JM
18900,2008,120000,https://carro.mercadolivre.com.br/MLB-1194441056-siena-celebration-10-8v-fire-2008-_JM
14900,2009,171000,https://carro.mercadolivre.com.br/MLB-1187440842-fiat-siena-fire-10-04-pts-2009-_JM
17900,2010,113000,https://carro.mercadolivre.com.br/MLB-1200519995-fiat-siena-el-n-serie-hsd-10-8v-flex-4p-2010-_JM
16900,2009,122000,https://carro.mercadolivre.com.br/MLB-1196177924-fiat-siena-10-mpi-8v-fire-flex-mec-2009-_JM
17900,2010,227800,https://carro.mercadolivre.com.br/MLB-1174408997-siena-10-mpi-fire-8v-flex-4p-manual-_JM
19890,2010,123000,https://carro.mercadolivre.com.br/MLB-1170376417-fiat-siena-10-el-flex-4p-menos-ar-condicionado-novo-_JM
15900,2008,140000,https://carro.mercadolivre.com.br/MLB-1174092378-siena-10-mpi-fire-8v-2008-_JM
13500,2003,120000,https://carro.mercadolivre.com.br/MLB-1050204644-siena-elx-13-gasolina-menos-ar-ricardo-multimarcas-suzano-_JM
16900,2006,166000,https://carro.mercadolivre.com.br/MLB-1194438570-fiat-siena-elx-14-flex-2006-_JM
31990,2015,85811,https://carro.mercadolivre.com.br/MLB-1169961823-fiat-siena-10-mpi-el-8v-_JM
34890,2014,58000,https://carro.mercadolivre.com.br/MLB-1199669580-fiat-siena-14-mpi-el-8v-flex-4p-manual-_JM
16999,2009,77000,https://carro.mercadolivre.com.br/MLB-1145233320-fiat-siena-10-fire-celebration-flex-4p-com-direco-undono-_JM
16999,2009,77000,https://carro.mercadolivre.com.br/MLB-1145227593-fiat-siena-10-fire-celebration-flex-77000km-estado-de-novo-_JM
17990,2010,98000,https://carro.mercadolivre.com.br/MLB-1175413393-fiat-siena-10-elx-flex-4p-ano-2010-_JM
18890,2008,125000,https://carro.mercadolivre.com.br/MLB-1137683298-fiat-siena-hlx-18-8v-flex-2008-completo-oferta-abaixo-fipe-_JM
26890,2014,65000,https://carro.mercadolivre.com.br/MLB-1191936786-fiat-siena-el-10-8v-flex-flex-manual-_JM
34800,2013,85000,https://carro.mercadolivre.com.br/MLB-1172059792-fiat-siena-el-14-flex-fernando-multimarcas-_JM
14990,2008,132000,https://carro.mercadolivre.com.br/MLB-1182496432-fiat-siena-10-elx-flex-4p-2008-_JM
18900,2007,98000,https://carro.mercadolivre.com.br/MLB-1189088676-fiat-siena-10-mpi-fire-celebration-8v-flex-4p-manual-_JM
11900,2005,200000,https://carro.mercadolivre.com.br/MLB-1195577419-fiat-siena-10-fire-4p-_JM
17900,2007,58000,https://carro.mercadolivre.com.br/MLB-1174502079-fiat-siena-10-fire-celebration-flex-4p-_JM
22900,2010,65000,https://carro.mercadolivre.com.br/MLB-1187349974-fiat-siena-el-n-serie-celebration-3-10-8v-flex-4p-_JM
21900,2009,154196,https://carro.mercadolivre.com.br/MLB-1187792713-fiat-siena-14-mpi-elx-8v-flex-4p-manual-_JM
18900,2010,114000,https://carro.mercadolivre.com.br/MLB-1196175919-fiat-siena-el-10-8v-flex-mec-2010-_JM
26900,2012,72500,https://carro.mercadolivre.com.br/MLB-1199508333-fiat-siena-14-mpi-8v-flex-4p-tetrafuel-_JM
22900,2010,111800,https://carro.mercadolivre.com.br/MLB-1126513454-fiat-siena-10-el-flex-4p-_JM
22900,2010,76400,https://carro.mercadolivre.com.br/MLB-1097826265-siena-el-10-mpi-fire-flex-8v-4p-_JM
10990,2002,188000,https://carro.mercadolivre.com.br/MLB-1192014142-fiat-siena-13-elx-oportunidade-_JM
21990,2013,75000,https://carro.mercadolivre.com.br/MLB-1159498079-siena-el-10-mpi-fire-flex-8v-4p-_JM
17000,2008,121000,https://carro.mercadolivre.com.br/MLB-1172921691-fiat-siena-10-fire-celebration-flex-4p-_JM
12500,2005,128000,https://carro.mercadolivre.com.br/MLB-1047451552-fiat-siena-10-_JM
19800,2008,140000,https://carro.mercadolivre.com.br/MLB-1149620922-fiat-siena-10-completo-troco-carro-maior-vlr-volto-dinheiro-_JM
24900,2013,73000,https://carro.mercadolivre.com.br/MLB-1199224544-fiat-siena-10-el-flex-4p-2013-_JM
17500,2007,116000,https://carro.mercadolivre.com.br/MLB-1196262703-fiat-siena-14-elx-flex-4p-_JM
13700,2010,99000,https://carro.mercadolivre.com.br/MLB-1186381866-fiat-siena-2010-financio-repasse-wats-041985051116-_JM
18990,2007,157948,https://carro.mercadolivre.com.br/MLB-1201138364-fiat-siena-10-fire-flex-completo-_JM
35900,2015,44500,https://carro.mercadolivre.com.br/MLB-1191116429-fiat-siena-14-el-flex-2015-_JM
19900,2010,147837,https://carro.mercadolivre.com.br/MLB-1169803542-fiat-siena-10-fire-flex-4p-_JM
26000,2011,81345,https://carro.mercadolivre.com.br/MLB-1168139515-fiat-siena-14-el-flex-4p-_JM
20900,2010,147837,https://carro.mercadolivre.com.br/MLB-1148044707-fiat-siena-10-fire-flex-2010-_JM
21890,2010,108000,https://carro.mercadolivre.com.br/MLB-1191691134-fiat-siena-10-el-flex-4p-_JM
14900,2006,184000,https://carro.mercadolivre.com.br/MLB-1189955701-fiat-siena-10-fire-flex-4p-completo-ar-_JM
21999,2010,68000,https://carro.mercadolivre.com.br/MLB-1198264008-siena-10-fire-flex-4p-celebrecem-azul-2010-completo-_JM
27000,2013,88000,https://carro.mercadolivre.com.br/MLB-1196264809-fiat-siena-10-el-flex-4p-_JM
13900,2007,153000,https://carro.mercadolivre.com.br/MLB-1200175236-fiat-siena-10-fire-flex-4p-2007-ar-vid-e-trv-elet-dvd-_JM
18900,2008,175000,https://carro.mercadolivre.com.br/MLB-1192902635-fiat-siena-fire-flex-2008-_JM
34500,2015,41046,https://carro.mercadolivre.com.br/MLB-1194536213-fiat-siena-el-14-flex-iws4312-_JM
29900,2015,120531,https://carro.mercadolivre.com.br/MLB-1189884762-fiat-siena-el-10-flex-iwc7a87-_JM
17900,2010,117525,https://carro.mercadolivre.com.br/MLB-1189878502-fiat-siena-fire-10-mpi-8v-flex-egd6e94-_JM
16990,2010,104226,https://carro.mercadolivre.com.br/MLB-1189877753-fiat-siena-fire-10-mpi-8v-flex-iqq1979-_JM
27900,2014,44500,https://carro.mercadolivre.com.br/MLB-1189843553-fiat-siena-el-10-flex-iut2986-_JM
16999,2009,77000,https://carro.mercadolivre.com.br/MLB-1145226843-fiat-siena-10-fire-celebration-flex-4p-2009-impecavel-_JM
16900,2006,90600,https://carro.mercadolivre.com.br/MLB-1174406681-siena-10-mpi-fire-8v-gasolina-4p-manual-_JM
14890,2009,173216,https://carro.mercadolivre.com.br/MLB-1198561071-fiat-siena-fire-10-8v-flex-flex-manual-_JM
29999,2014,67488,https://carro.mercadolivre.com.br/MLB-1196138542-fiat-siena-10-mpi-el-8v-_JM
26500,2012,88500,https://carro.mercadolivre.com.br/MLB-1198596710-fiat-siena-14-el-flex-4p-_JM
23000,2010,129570,https://carro.mercadolivre.com.br/MLB-1199699384-fiat-siena-el-10-8v-flex-flex-manual-_JM
28900,2014,64900,https://carro.mercadolivre.com.br/MLB-1189724005-fiat-siena-10-mpi-el-8v-flex-4p-manual-_JM
19800,2008,140000,https://carro.mercadolivre.com.br/MLB-1185602581-oportunidade-fiat-siena-10-compl-troco-carro-maior-valor-_JM
10900,2001,175000,https://carro.mercadolivre.com.br/MLB-1166461962-fiat-siena-10-16v-ex-4p-_JM
19900,2010,84000,https://carro.mercadolivre.com.br/MLB-1192582386-fiat-siena-10-fire-flex-4p-_JM
35900,2015,29800,https://carro.mercadolivre.com.br/MLB-1133130465-siena-el-celeb-14-mpi-fire-flex-8v-4p-_JM
28000,2014,63900,https://carro.mercadolivre.com.br/MLB-1195640395-fiat-siena-fiat-siena-el-10-8v-flex-2014-_JM
29900,2015,87000,https://carro.mercadolivre.com.br/MLB-1199402592-fiat-siena-10-el-flex-4p-2015-_JM
19800,2008,140000,https://carro.mercadolivre.com.br/MLB-1198175354-siena-completo-troco-por-carro-de-maior-valor-mesmo-alienado-_JM
19900,2010,122000,https://carro.mercadolivre.com.br/MLB-1100947706-fiat-siena-14-elx-attractive-flex-manual-2010-_JM
16900,2007,178236,https://carro.mercadolivre.com.br/MLB-1185679255-fiat-siena-18-mpi-hlx-8v-flex-4p-manual-_JM
23900,2011,83265,https://carro.mercadolivre.com.br/MLB-1183824507-fiat-siena-10-mpi-el-8v-flex-4p-manual-_JM
13500,2006,90000,https://carro.mercadolivre.com.br/MLB-1012330217-fiat-siena-fire-10-2006-_JM
13900,2004,90000,https://carro.mercadolivre.com.br/MLB-1190922425-fiat-siena-fire-10-8v-_JM
15990,2006,105000,https://carro.mercadolivre.com.br/MLB-1189219607-fiat-siena-10-fire-flex-8v-_JM
30000,2015,71555,https://carro.mercadolivre.com.br/MLB-1186365245-fiat-siena-10-el-flex-4p-completo-ano-2015-_JM
18500,2007,130000,https://carro.mercadolivre.com.br/MLB-1176603829-fiat-siena-10-fire-celebration-flex-4p-2007-_JM
22900,2008,66317,https://carro.mercadolivre.com.br/MLB-1181553588-fiat-siena-10-mpi-fire-celebration-8v-flex-4p-manual-20-_JM
28790,2012,80820,https://carro.mercadolivre.com.br/MLB-1199634975-fiat-siena-14-mpi-el-8v-_JM
24900,2010,66000,https://carro.mercadolivre.com.br/MLB-1197898710-fiat-siena-elx-14-_JM
21800,2010,210000,https://carro.mercadolivre.com.br/MLB-1166844105-siena-el-10-flex-2010-unico-dono-completissimo-_JM
14990,2008,89337,https://carro.mercadolivre.com.br/MLB-1197858657-fiat-siena-10-fire-flex-4p-2008-_JM
20800,2009,86000,https://carro.mercadolivre.com.br/MLB-1200563727-fiat-siena-elx-10-4p-flex-manual-_JM
29000,2015,60146,https://carro.mercadolivre.com.br/MLB-1200490315-siena-14-mpi-el-8v-flex-4p-manual-_JM
28900,2014,65750,https://carro.mercadolivre.com.br/MLB-1200472454-fiat-siena-el-10-8v-flex-mec-2014-_JM
23900,2015,30302,https://carro.mercadolivre.com.br/MLB-1200346928-fiat-siena-el-n-serie-celebration-3-10-8v-flex-4p-_JM
27400,2012,122774,https://carro.mercadolivre.com.br/MLB-1184779391-fiat-siena-fiat-siena-el-14-8v-flex-2012-_JM
30900,2014,91000,https://carro.mercadolivre.com.br/MLB-1177711713-fiat-siena-14-el-flex-_JM
17890,2007,93890,https://carro.mercadolivre.com.br/MLB-961534328-fiat-siena-14-mpi-8v-tetrafuel-elh1954-_JM
22000,2010,129498,https://carro.mercadolivre.com.br/MLB-1173657151-fiat-siena-10-el-flex-4p-_JM
24900,2012,108150,https://carro.mercadolivre.com.br/MLB-1189837695-fiat-siena-el-10-mpi-fire-flex-8v-4p-2012-_JM
9900,2005,173000,https://carro.mercadolivre.com.br/MLB-1197424671-fiat-siena-_JM
31900,2015,30000,https://carro.mercadolivre.com.br/MLB-1121765120-fiat-siena-10-el-flex-4p-_JM
30900,2015,69000,https://carro.mercadolivre.com.br/MLB-1190592329-fiat-siena-14-mpi-el-8v-flex-4p-manual-_JM
28500,2013,90000,https://carro.mercadolivre.com.br/MLB-1178736242-fiat-siena-14-el-flex-4p-_JM
18900,2011,78000,https://carro.mercadolivre.com.br/MLB-1200379374-fiat-siena-10-fire-flex-4p-_JM
33900,2016,41000,https://carro.mercadolivre.com.br/MLB-1194745343-fiat-siena-14-mpi-el-8v-flex-4p-manual-_JM
18900,2007,96420,https://carro.mercadolivre.com.br/MLB-1185638519-fiat-siena-10-mpi-fire-8v-flex-4p-manual-_JM
21990,2010,119996,https://carro.mercadolivre.com.br/MLB-1186183329-fiat-siena-10-mpi-el-8v-flex-4p-manual-_JM
16900,2005,222209,https://carro.mercadolivre.com.br/MLB-1096684054-fiat-siena-18-hlx-flex-4p-super-conservado-_JM
13900,2008,106000,https://carro.mercadolivre.com.br/MLB-1198669067-fiat-siena-10-fire-celebration-flex-2008-preto-_JM
27900,2014,53000,https://carro.mercadolivre.com.br/MLB-1198666506-siena-el-10-8v-completo-arbg-e-abs-_JM
32990,2014,81340,https://carro.mercadolivre.com.br/MLB-1069391436-fiat-siena-el-nova-serie-14-8v-flex-2013-6015-_JM
25900,2013,56520,https://carro.mercadolivre.com.br/MLB-1060823873-fiat-siena-el-nova-serie-10-8v-flex-20122013-3867-_JM
19500,2010,89456,https://carro.mercadolivre.com.br/MLB-1197415762-fiat-siena-10-elx-flex-4p-_JM
17900,2008,144000,https://carro.mercadolivre.com.br/MLB-1194179248-siena-fire-flex-celebration-_JM
19900,2010,155295,https://carro.mercadolivre.com.br/MLB-1196963670-fiat-siena-el-2010-_JM
22900,2010,120126,https://carro.mercadolivre.com.br/MLB-1165539355-fiat-siena-el-flex-2010-_JM
12999,2006,193414,https://carro.mercadolivre.com.br/MLB-1200341631-fiat-siena-fire-10-8v-flex-4p-2006-_JM
9990,2004,114472,https://carro.mercadolivre.com.br/MLB-1200344035-fiat-siena-10-mpi-8v-fire-flex-mec-2004-_JM
22900,2009,99999,https://carro.mercadolivre.com.br/MLB-1189820122-fiat-siena-elx-14-flex-2009-_JM
20000,2010,90705,https://carro.mercadolivre.com.br/MLB-1189341952-fiat-siena-fire-10-8v65cv-4p-2010-_JM
15900,2006,139000,https://carro.mercadolivre.com.br/MLB-1183095796-fiat-siena-10-mpi-fire-8v-_JM
26499,2012,88500,https://carro.mercadolivre.com.br/MLB-1198689850-fiat-siena-14-mpi-el-8v-flex-4p-manual-_JM
27900,2014,62173,https://carro.mercadolivre.com.br/MLB-1182773418-fiat-siena-el-10-flex-mec-2014-_JM
16990,2011,123200,https://carro.mercadolivre.com.br/MLB-1164961005-fiat-siena-10-fire-flex-_JM
19990,2010,145000,https://carro.mercadolivre.com.br/MLB-1180233042-fiat-siena-_JM
15900,2008,152210,https://carro.mercadolivre.com.br/MLB-1168740899-fiat-siena-fire-20072008-10-c-ar-vid-trav-e-gnv-branco-_JM
14990,2008,89000,https://carro.mercadolivre.com.br/MLB-1195751364-fiat-siena-10-fire-celebration-flex-4p-2008-_JM
13990,2008,120000,https://carro.mercadolivre.com.br/MLB-1199585750-fiat-siena-10-mpi-fire-8v-flex-4p-manual-_JM
23900,2013,56800,https://carro.mercadolivre.com.br/MLB-1198110986-fiat-siena-10-mpi-el-8v-flex-4p-manual-_JM
19800,2010,95000,https://carro.mercadolivre.com.br/MLB-1199426455-fiat-siena-10-el-2010-_JM
23990,2011,80000,https://carro.mercadolivre.com.br/MLB-1191735162-fiat-siena-10-mpi-el-celebration-8v-flex-4p-manual-_JM
22800,2010,125000,https://carro.mercadolivre.com.br/MLB-1167371888-fiat-siena-10-mpi-el-8v-flex-4p-manual-_JM
22900,2011,82278,https://carro.mercadolivre.com.br/MLB-1179578262-fiat-siena-10-el-flex-4p-_JM
20900,2010,121500,https://carro.mercadolivre.com.br/MLB-1189938695-fiat-siena-10-mpi-el-celebration-8v-flex-4p-manual-_JM
18900,2008,109320,https://carro.mercadolivre.com.br/MLB-1113817056-fiat-siena-10-fire-_JM
29900,2015,63000,https://carro.mercadolivre.com.br/MLB-1186399644-fiat-siena-10-mpi-el-8v-flex-4p-manual-20142015-_JM
21500,2010,95000,https://carro.mercadolivre.com.br/MLB-1198064231-fiat-siena-10-mpi-elx-8v-flex-4p-manual-_JM
14799,2006,128466,https://carro.mercadolivre.com.br/MLB-1176583045-siena-10-fire-8v-flex-4p-2006-_JM
19900,2008,107000,https://carro.mercadolivre.com.br/MLB-1192520431-fiat-siena-10-fire-flex-4p-_JM
29990,2015,64000,https://carro.mercadolivre.com.br/MLB-1197576377-fiat-siena-siena-10-el-8v-flex-2015-impecavel-novo-demais-_JM
19000,2011,112000,https://carro.mercadolivre.com.br/MLB-1197631419-fiat-siena-10-el-flex-4p-2011-_JM
23900,2011,109500,https://carro.mercadolivre.com.br/MLB-1191909205-fiat-siena-el-10-mpi-fire-flex-8v-4p-2011-_JM
18900,2008,177000,https://carro.mercadolivre.com.br/MLB-1185235875-fiat-siena-10-mpi-8v-fire-flex-mec-2008-_JM
26900,2013,53000,https://carro.mercadolivre.com.br/MLB-1196266881-fiat-siena-10-mpi-el-8v-_JM
25900,2011,68246,https://carro.mercadolivre.com.br/MLB-1200299708-fiat-siena-14-attractive-flex-4p-_JM
19900,2010,87856,https://carro.mercadolivre.com.br/MLB-1198649079-fiat-siena-10-mpi-8v-fire-flex-mec-2010-_JM
15900,2009,123000,https://carro.mercadolivre.com.br/MLB-1179270704-fiat-siena-10-fire-celebration-flex-4p-2009-_JM
16900,2008,152572,https://carro.mercadolivre.com.br/MLB-1187554584-fiat-siena-10-fire-flex-4p-_JM
18700,2012,88661,https://carro.mercadolivre.com.br/MLB-1188303303-fiat-siena-el-10-flex-ano-2012-leia-as-observacoes-_JM
18500,2010,112712,https://carro.mercadolivre.com.br/MLB-1175381773-fiat-siena-fire-flex-2010-_JM
18900,2009,120000,https://carro.mercadolivre.com.br/MLB-1175004555-fiat-siena-elx-14-flex-2009-_JM
18500,2011,85000,https://carro.mercadolivre.com.br/MLB-1180282304-siena-el-10-mpi-fire-flex-8v-4p-_JM
17900,2011,69312,https://carro.mercadolivre.com.br/MLB-1198118022-fiat-siena-10-el-flex-4p-_JM
16500,2008,71120,https://carro.mercadolivre.com.br/MLB-1128798059-fiat-siena-10-fire-flex-4p-2008-_JM
28500,2013,64815,https://carro.mercadolivre.com.br/MLB-1197973192-fiat-siena-14-el-flex-4p-_JM
22500,2011,54000,https://carro.mercadolivre.com.br/MLB-1193111299-fiat-siena-14-attractive-flex-4p-2011-_JM
18900,2010,121000,https://carro.mercadolivre.com.br/MLB-1188118300-fiat-siena-10-fire-flex-4p-20092010-_JM
19800,2010,198000,https://carro.mercadolivre.com.br/MLB-1181887099-fiat-siena-10-el-flex-4p-_JM
19800,2008,140000,https://carro.mercadolivre.com.br/MLB-1198174272-oferta-siena-troco-por-carro-de-maior-valor-mesmo-alienado-_JM
18800,2008,165276,https://carro.mercadolivre.com.br/MLB-1099689735-fiat-siena-10-fire-flex-4p-_JM
26900,2011,80000,https://carro.mercadolivre.com.br/MLB-1057423280-fiat-siena-14-mpi-attractive-8v-flex-4p-manual-_JM
18500,2009,159000,https://carro.mercadolivre.com.br/MLB-1183933650-fiat-siena-elx-14-flex-2009-completo-verssat-automoveis-_JM
15900,2005,160000,https://carro.mercadolivre.com.br/MLB-1185469807-siena-18-flex-completo-_JM
25990,2013,51102,https://carro.mercadolivre.com.br/MLB-1146374298-siena-el-10-mpi-fire-flex-8v-4p-_JM
13900,2005,142000,https://carro.mercadolivre.com.br/MLB-1198290800-fiat-siena-10-fire-4p-gasolina-e-gas-natural-_JM
17490,2005,140000,https://carro.mercadolivre.com.br/MLB-1199505446-fiat-siena-18-mpi-hlx-8v-flex-4p-manual-20042005-_JM
22900,2010,115000,https://carro.mercadolivre.com.br/MLB-1185055165-fiat-siena-14-mpi-elx-8v-flex-4p-manual-20092010-_JM
22900,2009,139000,https://carro.mercadolivre.com.br/MLB-1182686045-fiat-siena-14-mpi-elx-8v-flex-4p-manual-20082009-_JM
30900,2013,84989,https://carro.mercadolivre.com.br/MLB-974884709-siena-el-14-mpi-fire-flex-8v-4p-2013-_JM
22500,2011,80000,https://carro.mercadolivre.com.br/MLB-1185406984-siena-el-10-mpi-fire-flex-8v-4p-_JM
26900,2011,76438,https://carro.mercadolivre.com.br/MLB-1147812780-fiat-siena-10-mpi-el-8v-_JM
29900,2015,63000,https://carro.mercadolivre.com.br/MLB-1193543817-siena-10-mpi-el-8v-flex-4p-manual-63000km-_JM
